Keyword;Search Volume;CPC;Competition;Number of Results;Keyword Difficulty Index
metaalhandel amsterdam;30;0;0;0;36
metaalhandel den haag;50;0;0;0;28
metaalhandel rotterdam;90;0.46;0.42;111;32
metaalhandel utrecht;110;0.2;0.33;52;15
oud ijzer amsterdam;390;0.69;0.13;109;8
oud ijzer den haag;390;0;0;0;20
oud ijzer eindhoven;260;0;0;0;23
oud ijzer emmen;260;0;0;0;18
oud ijzer enschede;260;0;0;0;11
oud ijzer rotterdam;320;0;0;0;25
oud ijzer utrecht;390;0;0;0;14
schroot amsterdam;30;0.99;0.38;115;22
